,count
42446849,1909
42429595,2073
3588508439,2548
246858435,11386
42429570,11097
42449613,9079
42431626,10390
42453417,10036
4207143418,10806
42436316,10316
12416643515,926
42436060,1378
42435714,17377
42445037,10274
42455643,8437
42430745,4717
42435422,26599
42435420,23886
42427805,24351
42438547,24002
42434807,26088
42439842,24948
42430277,23834
42429874,24438
7372860100,23083
42428201,15659
42445867,15944
42429876,3328
4443775465,23659
4557517549,13456
358448394,11790
42437688,12780
5545401594,13005
42427821,7295
42427824,4739
42430603,3810
42430600,4140
42430597,3139
9140654137,8666
100522479,7985
3639382767,3948
3639382768,3962
561042195,11797
561042194,7752
561042192,6322
42445909,6737
42443950,23236
42430314,24989
42428264,5465
42439960,27143
42439955,25045
42439952,24752
42437654,31239
4461990857,25428
42446971,8544
11337295604,16797
42432444,16890
42432451,21495
42432458,3062
42432464,10909
42442935,10898
42442933,11040
42442931,12736
42442918,13924
42423020,14161
42434965,9560
5131026388,11711
42442913,6509
42442910,7223
42442906,7283
42442902,8378
42445417,7115
42446949,9056
42445656,9366
42446945,10108
42446942,8835
42446941,8700
42434954,8294
42445374,18481
42446935,11823
42446934,14658
42446933,14869
8482948064,10392
42445413,15315
42440022,10408
42428329,15265
42439440,26314
42435660,19854
42435663,30113
42437363,41168
42428287,20606
42430333,28559
42430338,11246
42430342,12117
42430344,12103
42430347,12576
42430350,13567
42430352,10110
6177439759,12856
42436519,14134
42449982,11847
42429980,11761
42431656,11903
42449985,13405
42442977,7503
42455675,18274
42447237,16517
42437451,15712
42431684,15345
42455695,14949
42429694,15495
42428003,8821
42428005,8151
42428007,8148
42444933,12002
42435632,18775
42439840,22485
42427426,21325
42437890,25464
42434270,21268
42439836,22061
42427374,21324
42439834,22901
42429661,21995
42429659,24026
42445651,9872
42445914,9370
42432438,9570
42445916,25041
42437358,27327
42435644,26703
42437663,13903
42434427,4036
42437670,8609
3270031002,3759
42430633,6000
42443052,2153
42443050,2197
42443048,2541
42443046,2118
42443044,2889
42436549,3047
42436546,7089
42436544,3807
42445738,3734
42447136,3565
42429334,7680
42449308,23129
42449314,14753
42428014,5981
42428013,6124
42428012,7655
42428010,8250
596799891,2010
42427036,2218
42427030,2210
42450634,9172
371188320,8921
406006393,11724
5426969134,11734
370924677,11077
5779545445,9737
42426851,2024
42450814,2142
6176628861,1940
42422899,5801
42449689,2128
42434962,4315
42445382,10313
42445378,23919
3786901743,24715
561042190,11604
42445365,15900
42437644,29047
42430304,26240
42435671,20330
42432700,20314
42432703,11698
42432706,11041
42430685,8178
42430680,3950
42430677,4069
7280430895,3895
42430673,4637
42430669,4017
42430664,3901
593839894,3688
42430651,3680
42427483,5443
42453630,7708
42445310,7582
358447541,853
42434810,20315
42435633,20675
42427812,21352
4443775464,21398
42446472,13904
42436919,13383
42450015,14880
42438503,11518
42450025,10511
42439403,10371
42448238,9707
42435514,9560
42450028,8278
42429338,11558
42450030,7305
42445740,6996
42444817,5629
42450035,4593
42447144,2199
5849918504,19761
42435675,20464
42435677,23352
42435680,20737
42432589,21018
42435684,19002
42428308,2929
42440001,23811
42443264,3049
42443263,5082
42431293,5076
42425232,8694
42428297,27823
42439984,28274
42439981,28292
42437368,16414
42445001,10749
42434434,712
42455751,8373
42423836,783
9019680389,684
42429340,7383
42443037,4041
42435516,4960
42443032,4727
42439406,5371
42443029,5437
42438506,6317
42443027,8514
42436921,4801
42443024,4950
42443020,5340
42454701,9452
42430358,10724
42428047,2042
42428045,1651
42436551,4278
272194254,1956
42459493,1832
42453398,7034
42437914,7576
42437909,14057
42435624,22817
42430271,23250
42427975,9070
42427979,7883
42427985,7977
42427991,8334
42436575,2135
4597668020,12321
42446013,10720
42446016,11430
42436913,11010
42446021,14331
42438487,8151
42446026,7451
42439392,7128
42446031,7167
42435499,10269
42446036,9008
42429324,11668
42446041,6671
42445733,6231
42436539,6383
42444810,5478
42446066,5321
42446070,5036
42438674,5756
42438672,11384
42435642,21915
42430639,2932
42443268,3904
42434165,1174
42444485,1166
42452809,1303
42448726,1276
42456575,1343
42444809,1293
42436537,1862
42445731,1736
42454189,1801
42429314,3114
42449187,3978
42433927,6004
2059304025,6001
7106818626,13821
42424851,9424
42421800,9739
42435308,10061
42446977,7579
42435645,19422
42435646,17205
42435650,19699
42433620,18017
42435654,18402
42435657,18962
42449341,5494
42444909,13257
42435599,20164
42439830,21343
42430257,19020
42439556,12238
42430052,10371
42432436,12502
42446488,21526
42445649,21984
42433604,22116
42452973,20893
42434946,19805
42436477,11655
42438791,12816
42430589,4946
42436492,13318
42438805,13008
42439567,11629
42430075,9687
42446478,9354
42436922,9116
42456060,12439
42438509,7999
42452956,6995
42439409,6651
42448254,6302
42435518,5949
42456066,5499
42429342,7971
42439972,21577
42439968,21937
42439964,22453
42433611,22334
42428258,1160
42430311,22284
42430722,2064
42430713,2263
42430707,3296
42430704,1871
42430698,3940
42430694,3501
42430691,5551
42430688,4011
9019680388,1851
42437371,11410
42434439,4228
42444991,10537
42444985,10728
42433625,10590
596776057,3459
42436481,8207
42436484,2847
42436486,10708
42436489,5400
7106818627,8065
7106818623,8350
42433564,10107
42427915,13608
42424225,8688
42438859,4776
42443346,4466
42428305,3187
42439996,25654
42434821,6541
42437693,5185
1701844618,4732
42451695,6175
42446668,6343
42455735,6928
42452975,7475
42443975,9857
42433644,7827
42434871,1360
13205862054,9660
13205862056,9124
42446879,646
42446875,19223
42437283,21493
42449893,23827
42439170,24621
390519635,24613
42440326,21472
42448701,26339
42446925,13870
42448693,32127
42436578,19730
42456555,19676
42429888,20320
42454522,20790
42446266,21081
42436748,21463
42445409,20869
42456568,25262
4597668044,14491
42445896,11928
42451674,21997
42428232,2987
42430292,21684
42427427,18737
42435629,20115
42444928,13843
42443528,8897
42430295,22132
6223969260,6879
42443680,23768
42445899,13607
42445903,8751
42434948,4501
42445908,5600
42445910,5771
42445924,20667
42452353,11396
42430356,10942
42430361,10349
42442960,9615
42442959,6946
42442957,7578
42436710,9074
42442955,11417
42440465,12035
42442952,10881
42438894,11905
42442949,11584
42442948,11556
42434090,12914
42442947,11411
42442943,10890
42442939,10549
42449947,17018
7802856352,11451
7802856341,9240
7802856349,9131
7802856372,9333
7802856356,9391
42435272,9099
42435275,9511
42432556,8546
42435283,8392
42435295,8348
42435301,7926
42445994,11562
42429682,11626
42445227,12203
42427371,20188
42427369,11807
42454378,12277
42429657,14383
42448811,6863
42438886,7337
42459098,6120
42440456,8821
42452875,17687
42436703,13158
42456611,11466
42448338,10883
42443613,10460
42432834,12409
596775935,9961
42432825,14517
42445947,10094
596775941,6471
42430903,15725
42454994,15268
13205862066,9056
42449886,14093
42453104,14359
42446528,22813
42436939,18487
42440721,21274
42428493,25794
42438784,13426
42440710,18596
42431654,3850
42445247,14093
42428037,4043
42444960,12799
7037071175,5103
1533280147,3700
9421943093,1415
42430646,4087
42445953,12017
42436511,12018
42445961,10693
42429971,10853
42431650,10729
42445972,13253
42445976,12948
42437425,12054
42431674,11559
42454006,933
1733612450,1029
3270031028,144
5165632724,137
596799866,554
42438802,6661
42438800,11981
42438798,3534
42438795,9305
596776063,4733
42422026,1716
246858433,7495
246858431,7110
5815234915,3200
588593611,3282
246909454,2788
588593353,2854
587987721,2488
246858654,2423
4207802391,2248
1772136801,2069
1772136810,1912
3914862593,1873
588546891,3175
596776120,4796
596776074,4055
596776127,4066
596776095,4240
596776083,4882
596776089,7165
42459137,10180
42447105,7097
42436917,4176
42428016,5113
42428303,4743
42445020,11846
42452365,9254
42445011,11317
5812723033,946
42449600,3589
42449597,3843
42431611,4756
42445356,5087
42430550,4654
4754091366,319
42428405,4623
42454423,5780
42436784,4979
42439530,6416
42439335,5152
42430164,10897
42430167,8600
13082559909,8606
3891963915,8676
4321748238,12441
4321748237,10162
5854302557,8806
42430187,16192
42430205,10779
42430217,19938
42430231,22994
42430233,22349
42430235,23794
42430237,31157
42421889,16240
42430241,13603
42430247,12156
42430249,12613
42429374,14289
42429375,21957
42435687,18453
42445025,8462
42454042,7812
42430298,16996
42430308,21534
42430317,20565
42430320,20540
42430324,29151
42430329,19737
561042193,5285
42458333,18991
42449683,19323
42453986,20871
42445653,20195
561042197,12494
561042199,5272
42422028,4945
42453395,5567
42437686,20356
42427786,21355
42438544,21718
42434800,22020
42453624,11138
449581627,9572
42428206,9935
42437881,14456
42434268,12462
42443671,11931
42439272,13407
42449333,7893
42431490,7668
42429373,10931
42431678,3135
42431680,11018
42449991,10931
42429690,11623
42429693,5425
42445232,5019
42429688,3493
42447076,2845
42437433,3182
42447069,3596
42447060,5030
42429976,4297
42447030,4160
42436516,6539
42447020,6700
42447009,6118
42447007,4262
42432847,5910
42443614,3772
4862610026,3994
42446998,4267
42432585,24626
42454428,12104
42436359,3090
42436364,5119
42436369,5031
42436371,12125
42436109,10659
42448568,12353
12162502083,20591
9607729579,14876
42453442,13754
591454081,13765
42452008,14208
42436903,14678
42453457,14602
42452613,14691
42453468,14692
42449098,14730
42440946,14678
42453472,13325
42439099,13436
246649429,16374
11027819091,15580
42445769,18754
246580982,18967
42439295,20047
11027912164,20224
4872623863,19860
42427393,21029
42443677,20972
246579597,20875
12161232243,23131
42427494,22628
42445314,22610
42434827,22821
42438684,22721
12161224637,23889
42437699,24016
42437678,26216
7073877295,25803
6575692624,25794
42448996,26322
42453545,25800
62915549,26368
62915525,25504
62915509,25527
62915527,29345
11017187937,29603
62915531,30725
12154598283,30737
11017187936,30668
62915536,31545
11017186437,31397
12153915856,32582
11017186435,32224
9140954071,31994
13099951760,31615
61275380,34322
61273004,33078
61271722,34094
61269797,34729
42423070,34731
42422399,29132
42458435,29133
587812578,14724
42431099,15888
42431102,11229
42431104,9866
42428720,7727
1061531727,7022
1061531730,6905
1061531596,7401
42442552,8808
42442555,6217
42442557,5377
42442559,5326
42442561,5394
42437918,5366
42421741,5510
42432756,4877
42442565,4684
42442567,4396
42445926,18109
42438881,19290
42445928,18844
42440453,18330
42445930,23161
42436701,13961
42445936,11855
42445941,11298
42443612,10630
42445236,12408
42439561,15288
42430063,14473
42450009,14205
42443388,4249
42443381,4177
42443373,2379
42436985,3207
42443366,2627
42443363,2391
4016646206,2480
42437050,3346
42421996,2668
42438043,2693
42434158,2739
42443353,6424
42439990,27758
42438788,4604
42436751,10189
42446270,10238
42446932,9987
42429890,9610
2302133933,8272
42442850,8554
1773121034,20045
4015190382,20232
42439249,18263
42445558,14117
595407648,12419
42430872,20062
42431452,17681
42437018,17848
42437021,21033
42437280,19912
42456543,19680
42439203,21299
12181309686,21314
42440323,21799
42446466,4889
42446461,7037
42436914,6553
42438490,6598
42452954,6251
42439395,6120
42448216,6151
42435504,6813
42458766,6066
42429330,11318
596776164,9840
3786901738,20491
42434951,17283
42436700,9892
42430367,11684
42430371,10685
42430375,9816
42445230,9177
42439557,8961
42430056,5443
373880031,7431
42444479,2665
42427996,7226
42428043,2288
42428039,2220
42445950,12538
4597668030,7453
42446275,16087
42442898,7636
42442895,7561
42429900,7716
42429910,835
42429918,5114
9168918373,19877
587812665,19877
42424937,18573
42425088,7841
7616688918,7843
7732571915,3483
42438066,3475
42428863,3742
561035343,3763
42453717,3482
42442584,4147
7598970693,3039
42440144,2592
42432929,3096
42432931,1454
42432932,1579
42432933,1476
42435814,1181
1905863520,1470
42435825,1404
42429538,1087
42434113,842
42435837,784
42435844,1891
42439887,1905
2141026532,2482
3099327955,2268
42453258,2322
42434361,250
42445587,244
42435957,184
42454196,5014
42445748,4745
42444820,3905
42456076,3402
42442294,10480
1825841655,12277
1825841704,23788
1825841743,23736
1825841693,13234
4347550074,13419
42423674,18493
42430394,18809
4347534767,10598
5706568771,7955
596776021,4493
596776009,3886
596776027,3498
596776017,3560
596775973,4467
596775979,5548
42443349,2941
42421803,3283
42437300,3359
42433565,3248
42443280,5597
42421769,3908
42443347,4366
42428061,3735
42438862,4496
42428212,1871
42443403,4471
42447273,2509
42447275,208
42447278,171
42447281,207
42447285,253
42437916,434
42437917,1870
11803957851,1818
1061531654,3560
1061531717,3100
595314104,2929
561035330,2867
3579432156,3037
1506445808,2270
561035333,2129
561035334,2078
561035335,1839
627905367,1613
1506445762,1441
6223571524,1128
6223571522,1038
1504153604,1267
1506591536,918
470209122,194
42434175,2038
42430594,2652
596776260,4655
596776167,1634
596776173,1825
596776144,2787
596776177,1904
596776163,2546
596776156,2449
596776150,2041
596776103,1744
596776115,1785
42434160,4403
42438045,4239
42422000,4068
42437052,3832
42442492,2852
42442502,2653
42442514,2672
42436990,3467
42442528,2553
42442534,4635
42442542,4076
42433252,2823
42442549,2752
42442569,4673
42442571,2867
42437222,2697
6166969757,2869
1506445711,2542
42446072,5554
42444487,5362
42434166,5098
42446086,9319
42446093,6909
42446099,4759
42445256,4212
5542680310,10853
42447235,11805
42437436,11005
42431549,7719
42440020,9494
42440015,9711
42440012,10699
42440009,26424
42440004,22311
42439994,29324
42443336,5764
6207264908,9695
42432564,6907
42442445,4515
42442451,4601
42442459,4788
42428063,4024
42442463,6180
42421772,5037
42442469,5009
42433567,4253
42437305,4379
42454691,5390
42447132,2709
11337295608,25034
42440469,4886
42452882,4724
42436714,5743
42455963,4539
42448390,4514
42443618,7441
2711029280,6767
42456041,5745
42448326,7564
6177439749,7298
42436531,17423
42456049,16136
42429986,15838
42431661,15680
561035351,682
42434072,10464
42434974,4100
42455915,9001
42454010,4612
42445667,4267
12154055788,3878
12840833852,1813
42455929,5592
42442937,15668
4597668032,6314
42435705,15648
1815133244,7973
42445027,8710
42440163,7653
42432594,10493
42432598,8977
42445879,1934
42429896,15363
42446293,4828
42448745,3344
42449956,16008
42440463,17284
42449961,19329
42436707,17738
42449963,16712
42448379,16418
42443615,11465
42432856,12267
42437401,2034
12413032498,6276
6417761624,4386
42448707,21372
42436598,5261
42455897,9708
1632878994,4490
42436756,4556
42453187,5396
42445390,10834
42436754,6190
42442891,12169
42436590,11400
42442889,18094
42432861,6650
42436705,5234
4288677093,14233
42424089,6276
371037281,2070
42427477,11626
42436753,15068
42430253,24124
42430255,18520
42430259,24300
42430263,21507
42430265,20633
42430269,19653
42427423,19375
42430274,20768
42430279,21791
42430282,19803
42427797,19990
42430288,19588
42447126,2951
561042191,3801
596775882,8476
42436353,1833
42436355,3933
4616536351,2913
4616536352,922
4616536348,719
42423456,8137
4602414021,8102
42452015,8024
42440838,8201
4778174564,5478
3567807957,5437
42434845,6607
42445702,5079
42453038,4708
42448162,3576
42452816,3482
42429832,3184
42430557,3365
42439275,22273
42439826,20843
42435598,19453
42436396,5064
42436400,4145
42436404,4268
42436407,4427
42436411,4736
6211334202,10775
42435578,5840
42435581,7553
6518638079,6394
4492821528,6440
42431497,6488
42429388,9488
42432214,26412
42435596,38079
42435603,21179
42429662,19139
42435610,20266
42427381,19951
5849918502,20929
42434271,19968
42424439,9146
4597668041,23644
8133385388,10654
42449971,11795
42423885,7683
427804211,170
42443326,5671
42440397,9185
42438498,3267
42453613,2144
592509222,1543
1919595922,2632
3783071112,1918
3783071109,1162
42440401,2759
42447435,1843
42451604,1640
9166033062,5641
4478001045,4325
42443513,12430
42453601,6766
42437339,7366
42455867,8243
42453166,6636
42444827,8057
42434205,9343
4012724171,9352
42449021,9101
42446547,15139
42436943,15216
42440743,18480
42431470,14727
42439323,15099
561042188,7383
42436126,1271
42452006,2468
42454642,1947
42456986,1932
42440527,2992
12162542907,11105
4142073861,10941
246889572,10939
246890279,10501
12410398108,9644
12410398107,10100
246858448,11011
246858449,9450
42452814,2655
42444506,2263
42434179,2066
4779073679,11367
42449010,5974
42444812,4691
42444814,2568
42435509,3221
42442480,7696
1061531603,5621
42428674,6903
42431037,5133
42441564,732
42434161,530
42446889,14454
42437289,15375
42455887,14670
42439181,15896
42451787,14867
387184869,14735
5812723035,1857
42436330,2008
42436333,2355
42436335,3225
42453059,1583
42430115,3541
4143851144,3944
42428420,5367
42446701,17990
42428220,2549
42435702,19457
42435707,14473
42435710,14341
42440960,6380
42424698,11038
587934347,11037
595352915,7415
60928432,7411
60927650,3436
7911307251,2507
60916849,2508
60916829,2492
595729853,2477
374482644,2475
374472690,2475
42441000,2534
42441007,2437
42441009,2420
595729838,1843
42429215,1649
42429216,1095
42429217,1048
42429220,965
42453349,95
42428223,2777
42445888,4773
42428272,986
42442983,5782
5550244687,4736
42431659,4903
42429981,5142
42442963,5529
42436527,6794
6176483595,4325
3785585954,3696
1775176473,3711
42442961,4827
42443344,4677
42443341,4415
42432558,4426
42437384,4800
42443332,5068
42443329,5093
4557495130,5317
3718672443,6716
9170816532,6311
13208007103,13295
42428588,11305
42443313,4399
1241742563,5311
42421974,4755
1241742627,5968
42440934,5442
3639382769,1350
42445917,18582
427840998,1642
427841062,2099
42430060,3166
42443009,5972
42440153,8991
42432580,9413
42432693,11473
42443556,11707
42439823,32173
42439073,20630
42430828,37119
11062719791,12561
42430824,12640
42430818,11708
42430813,11771
42430811,13510
4320028826,12284
42430805,12260
42433822,2879
42451987,1316
42446902,1919
42429700,2602
12989986305,4025
4597668036,24392
42434355,4572
4597668023,18881
4597668035,18688
42439070,9292
42449067,8842
42430857,10575
42421877,13151
42437949,11645
42433354,6362
3584752508,6641
42433281,11021
1692433942,10130
1692433941,11571
1692433940,13675
42428705,2867
42428701,2830
42428695,2943
42428689,2942
42422006,3037
42428682,3082
42428678,3239
42428670,3807
42421809,3910
42428663,4279
42428661,4268
42428657,4344
42421775,4120
42428653,9432
42428065,4863
42428648,5316
42428645,5021
1061531566,2882
42436541,4401
42456578,4000
42448729,3092
4597668031,7409
42445885,4460
42428321,13234
42431556,13659
5730369220,2366
246580466,4212
246579753,5096
373903786,5108
11049420899,4883
8288270047,4865
11027912161,4646
402480678,4647
3874650232,5780
42454328,12036
42454325,14110
4557517554,13918
42436439,25116
596776041,2553
42454192,4462
42445736,4411
42447149,2311
42436475,4958
42445225,5606
42429680,5595
42429685,7622
42428283,9735
42443561,10899
4207913309,10069
9807801426,2837
4163883691,3267
42439399,2872
42447115,3007
42434087,17630
42449954,16234
42448813,15903
42438891,16357
6680686184,4690
42435716,12567
42440330,11584
1692450029,11656
42434358,4861
42434357,5141
1061531504,2602
42436374,2689
42436377,2161
42436381,2239
42436384,2690
42436390,2009
42436393,5192
42444051,17571
42443674,12102
42427386,11617
42444916,12134
42429663,11649
42439280,14070
246901366,569
246923513,1500
42451375,1722
42451370,2042
246911576,1942
3574648569,1948
588593059,1896
4149748671,1903
9181525951,1999
42446640,2076
42452314,3576
42429378,18110
42432211,17789
42454742,2185
42436427,7460
42436423,7526
42436414,6655
42436149,2751
42459436,1666
42440943,3047
42436582,8296
42440325,1464
42439286,7343
42429664,5485
42454381,6308
42427390,6358
42443676,5582
42434285,5557
42428015,5586
42430378,8498
42430384,16382
42443811,5603
42446994,9942
42440459,8493
596775876,8378
596775870,8573
596775867,9597
42457476,8347
42434077,7724
42443810,5825
42444043,22914
42430643,3415
42448735,4070
42450037,3520
42452812,3951
42429412,3531
42455200,7147
1919595928,3531
1919595927,4624
42439533,5752
1692433935,9936
42439537,9940
42439542,8140
42436796,8108
42452396,10197
42433587,10106
42449817,4752
42433298,5719
42433356,4480
42456303,9681
42449045,9750
42430861,7418
42455026,7070
42446521,7514
42428489,23196
42446533,18887
42436941,20049
42440729,22172
42431459,19197
42449890,19258
42436586,15719
4138911201,13852
42449918,15493
42449926,14261
42449928,14405
42434959,13483
42449932,13968
42449685,13499
42449938,15043
42445661,12752
11337295601,12646
12463559806,17023
42431681,5026
596776052,3412
596775985,4115
42459114,7694
42429974,7920
42431652,7885
42455666,10165
42447230,8909
42437428,8065
42431677,7249
42455694,7201
42443042,2759
42443040,2707
42453005,8325
11337295598,1175
1692433939,5767
1692433938,13447
42448549,9229
4202908174,6656
42430468,4906
42448563,14470
1825841742,11111
1061531429,10977
1061531777,9666
42421969,8022
5706568625,9128
42435253,9157
42435257,9445
7802856365,11650
247223720,5666
42457788,5667
42455662,8452
42427972,8818
42427970,10131
4886250352,3324
42438898,1418
595105499,1526
42435755,1479
42448506,542
2141026523,2569
2141026546,2318
1705982030,3413
2141026506,3897
3099327952,1942
42437177,2199
42437174,1936
42446161,2655
42446164,1163
42446504,7641
42454433,10020
42443563,9709
42455761,6823
42431649,5756
42429970,5873
42456683,5871
42436510,7265
4347534783,8771
42433282,901
42433260,884
42433261,2968
4679523598,1791
42431802,7645
4841945995,1312
339044224,2834
42436129,1843
42436894,2337
42438984,283
42451564,235
3099326127,200
2141026508,763
42439873,180
42439868,119
42436728,163
42435810,475
42448714,19332
5137747688,17272
589100267,16968
42422509,16873
42457925,16706
370913779,21070
370914027,21071
13238997597,25609
370924957,28211
371188750,28210
3785575833,15939
42427965,18295
42427968,8798
42428312,5557
12991873791,16713
42430363,14627
42423564,1546
6680686985,1985
9177540204,845
6177439750,10601
6177439752,7116
42440966,7013
42431563,5310
42431560,5391
42428328,12104
42428315,13423
42428313,13105
10594155706,12013
42428716,3356
42428714,5252
42428711,3744
42428709,3573
4347550071,17622
4347550065,17677
42421993,7805
42431447,8210
42435316,7947
42435317,7742
42435319,7669
42435323,7716
42435328,7177
42425570,7486
42435331,6321
42435333,6162
7801840675,6079
42435336,5903
42435337,5794
42421728,5671
42432736,5426
42435341,4276
42435343,4170
42435346,4484
4016646214,4394
42433743,3533
2141026499,3529
2141026500,2637
2141026525,2481
2141026544,2422
42453220,736
42452564,667
42453226,612
42429727,508
2099150501,282
42428020,9749
42436514,8695
42429562,3441
42445357,3995
42436322,792
42430571,965
42430529,724
42429833,998
42436326,1064
42436327,1176
42436336,3900
42424610,2274
42436308,1105
3788379684,1091
13294718043,1298
596776132,3573
596776078,3011
596775951,6221
596775907,6429
596775919,6884
596775900,8344
596775914,17387
42444954,11027
42434279,11087
42444480,1423
11002109566,1974
42431889,1800
42431898,2485
42421960,1454
42453952,4066
42430004,6093
42429830,4483
42452817,4995
42448171,4818
4143851142,4586
42453777,4205
42447249,4250
42447246,4001
42440825,5360
8996353563,5230
42452040,5613
42449570,2838
42443532,8364
42445018,10620
42443534,6687
42440170,6831
42446363,6890
42449550,6469
42450434,6604
42450341,3615
42440935,3358
1241742743,3506
42421982,2686
7050687060,2984
42442410,2628
42442415,3450
42439464,4033
42429999,2765
42433834,655
42421941,1261
42453902,3250
42429844,3916
42454798,4334
42427251,4009
42440350,4679
42440270,5932
42444271,5729
42427764,3875
42428310,1820
42456598,8871
42438963,3698
42430474,3348
42439178,8019
13205862052,7495
13205862058,8856
13205862060,11892
42445039,6282
42430742,2798
42430739,4598
42430736,2240
8840333851,2983
42445479,848
4557517552,11277
387180916,11381
42431078,2218
42431067,2375
42431057,2325
42428022,5322
42428024,4793
42428027,4598
42428029,4123
42428032,3792
42428034,3218
42445757,362
42436556,256
1061531509,10308
42428575,10453
42445033,6063
42421806,3903
42442475,3647
42421745,3575
42442575,2030
42437142,1783
1061531757,2704
42428637,4858
42450044,5145
42447166,4562
42434169,1157
42444495,2064
42448317,10073
596775946,7587
1773084402,24398
4779073680,2850
42424025,10373
371209940,5770
371239958,5770
42425681,5740
6266152785,5730
5920675990,5002
6511274595,5124
371337150,5122
371337197,2263
371337250,2263
589927903,1744
371337269,1740
60925389,1740
373780963,1221
595484175,1216
595481001,1215
42423116,468
42442728,418
42455252,309
42433060,366
42433058,319
42433057,269
42433046,279
42429466,295
42433044,293
42433043,290
42428984,375
42427143,338
42427139,358
42427136,419
42445286,114
42434074,21944
13205862062,8995
13205862064,8682
42430898,16188
42442857,10066
42434142,11111
42446455,4295
42454679,4293
42436619,819
42434895,451
42430479,437
42438949,473
42447176,483
42445259,508
42447174,592
42447169,910
42447084,3010
42439559,6714
42445387,5918
1061531491,8644
42428268,755
4597668033,5762
4597668043,6588
4597668042,5547
4597668029,5603
42431089,2234
42428376,3442
42438155,1955
42453934,2071
8840333846,2907
42454401,2011
370912817,12784
42423774,13766
42426865,13686
7137281959,8270
7137281963,4633
596776032,6001
596775963,3794
596775998,4091
42435497,5198
42431107,4343
42431106,4392
42431096,3283
42431094,2257
42441521,262
42437929,2969
7541804762,2975
2481877071,2990
7541804761,3183
42437801,2253
42439588,1150
42432954,1084
42432955,1090
42432956,1102
42432957,1131
42432960,1352
42432961,1638
42432963,1836
4205440426,706
42432967,665
42448661,60
42439210,76
42436056,3127
42436055,1375
42436050,686
42430519,664
42430521,233
42430540,62
42430535,728
42443413,1471
42432744,1551
42440639,1307
42432818,11977
42455934,4751
4597668040,19209
4597668039,18978
4597668028,18756
4597668038,17506
4597668026,23167
42428491,17053
6166333257,575
42426816,553
42453999,2981
42445664,1163
42430068,5154
42433229,5856
42431111,3973
42428737,2470
1061531802,1958
42442577,1375
42442578,1228
1504153626,1405
42428483,14854
42428480,15166
42428476,13350
42428473,13379
42428471,8731
42428468,8966
42428464,8870
42428460,14012
42428458,15344
42428454,7205
1692433919,12698
42428277,9683
42448203,1850
42439389,1737
42452951,1855
42434201,11808
42442851,9540
42442848,10203
42437333,9213
1773084405,16985
42431168,17310
42431165,16358
42445534,15084
42424672,2134
42448329,2184
3551738975,18
42438849,1682
42434360,2287
42437529,1010
596776165,650
42425127,859
42438961,1021
42453575,1047
370880739,1520
4145735059,1169
205020852,1162
370880758,152
42421951,210
42444223,224
42444230,233
42444242,288
42427256,228
42440356,267
42440353,272
427845226,242
427845236,175
6636032331,125
6656258478,122
42430629,2627
6656315591,2487
6339939226,2482
42430607,2760
4557517555,5397
42429394,13053
11728146527,2805
42429390,3216
6211332483,3175
42452630,233
42421946,185
42428447,11647
42448552,5740
5799117244,5243
42433581,6219
1919595926,4838
42433578,4806
42433577,2350
6185259892,1903
42428049,2104
42434092,5573
595105581,2729
248708583,2759
3829675223,2675
371188756,13655
371207282,13552
4779073677,9406
42445263,5219
42456091,5167
42438973,5028
42430488,5256
42434910,4487
42436630,4423
42456101,4377
42450468,4338
42436653,2889
42456107,2727
42434389,2432
42456110,2287
42449427,1882
42445426,1838
42435400,1714
42456115,2126
42436746,4184
42445404,3153
3785586743,393
42423565,470
42444491,2938
42434168,2042
42457660,5219
42446353,13141
596775840,6965
100522741,9307
42434085,7696
100522728,6685
4491359481,10938
42446800,595
42446825,965
42431629,1455
5333189426,576
42425758,547
373772209,545
5333189427,286
42424551,299
42424531,299
589927878,258
2141002593,261
5916527828,213
371337227,214
589927921,211
2140997998,211
2140994070,211
371337241,345
42439802,345
4515465264,358
42427894,114
42427891,89
42442843,7745
42442842,13824
42442838,6511
42442836,5022
1773082410,9568
42437612,14309
42457325,6123
42432308,11005
42435491,5840
42445511,13133
42457319,5397
42448558,6445
42436788,4524
42430749,2067
2061592973,2522
42421985,3144
42430981,2994
42430983,3119
42430984,2787
42430985,3090
42442417,2459
1733614298,2327
42442422,2703
9177424867,6788
9177424868,2054
42432060,5907
7480301866,15967
5798966629,11132
1773084410,12339
1773084391,13728
1773084407,15076
42440545,8582
42440553,10737
42436793,7986
42432191,26169
42432194,27635
42432199,25101
42432201,25173
42432205,17379
42432208,17530
42444964,10731
42436134,949
42436135,962
42436139,798
42436142,2604
42436146,4083
42436152,2692
42436155,2582
42431505,2209
12162436970,5618
42431151,3701
42436899,597
246648219,12251
42445766,13785
42437841,241
42438825,183
595245836,1066
42437845,1231
42438301,1375
42438300,1788
595245859,757
595245925,797
595245918,341
595245920,1060
42430747,1950
42431000,2925
42430989,4356
42431453,1229
42434352,4254
42431154,2554
42430390,12179
42428570,12513
42444049,7759
4137021568,1187
42434842,1563
42434839,1334
42438779,522
42438781,547
4143859865,3339
3788379733,5399
42430136,3265
5216470727,5180
42430143,4888
42430147,6228
42430154,9036
42430160,6863
42431617,1508
42431614,4223
13233711092,11284
4544455460,999
42428961,296
595352904,1191
42428958,1184
42428956,1087
561035370,850
42442651,770
42432985,788
7443621689,1449
42444500,2276
42434172,1956
42433295,954
42433292,944
1919595915,12396
9802614798,708
42427411,823
42427412,763
42440628,1021
42440918,9441
4207143421,10294
42438060,1079
42436069,1140
42436340,518
42432068,5480
9166033061,6566
42437951,10474
42456211,4840
42449589,4846
42445543,14627
42434140,27048
42444829,3414
42444832,1560
42448257,884
42445920,18392
42454495,4898
42428192,1808
42431207,1592
42428723,2366
42431804,7832
4841945993,6507
42431797,6861
5837088105,18273
42431789,8163
42431785,8214
42429701,8222
42431777,7825
42431773,9159
1692433932,8164
1692433928,10210
1692433924,6720
1692433920,6239
9906953435,249
42428307,2705
42453011,2209
11003445421,2218
1701844698,646
595105538,609
248708582,1935
595105472,4345
42453000,4490
42444055,4357
42455932,2761
42436024,9260
42445174,9227
9611529611,9604
42440854,10457
42442733,764
42455059,601
42433064,621
42449637,171
42429023,2084
60926076,1184
42427185,1050
42427190,983
42427196,708
42427206,594
42427212,375
42429773,3350
42437084,4375
1919595924,3265
1919595910,3448
1919595921,3553
42453607,1377
42437346,1677
42455083,1892
42453177,1173
42443807,1747
42428391,5843
42428385,5623
42428379,4889
42428377,4806
42422042,2479
42428374,2840
42428373,1223
42428371,1328
42428368,1752
42428365,1163
42433718,571
9802614802,773
42451744,5807
42450641,4677
42424142,4589
42424145,7740
42438809,7736
42426875,3764
589100228,3749
589100164,323
42427762,6886
42440452,8398
42428174,7007
42432066,4847
42428198,2001
42431039,2718
42431044,2558
42422016,2371
42431034,4368
42421810,4501
42431030,4690
42431027,4700
42431024,5203
42421776,5029
11655721345,2534
42445574,8590
42438174,1822
42438173,1609
42434354,1526
1506599377,628
561035342,781
42421857,925
1506591534,823
42428844,671
6223571521,604
6223571523,615
470209120,871
42428951,499
42428947,421
42428944,381
42428941,438
42428939,447
42428936,595
42428934,490
42428931,696
42428928,546
42428926,777
42428922,664
42428919,755
42428917,702
42428914,727
42428913,853
42428912,812
42428892,952
7732653970,771
42428876,652
42428873,639
7732654932,5340
7732654931,747
42421852,996
42438928,1173
3579432162,1216
3579432161,1119
42443066,655
42436627,1069
42434912,1029
42430485,1124
5749215967,585
42433490,1351
3631837584,1352
42433422,3182
42437096,2848
42437106,2459
42437108,5156
6330018917,346
3212472978,505
496707003,422
42437755,473
42437124,454
42431992,299
42431990,44
4158807592,4473
588455743,4658
1773055865,3223
7132405548,743
42425955,481
7132405537,151
42431008,2598
42431009,2541
42431015,2628
42428068,2472
42431019,7182
1061531454,5245
11655721348,2572
11655721350,2533
42434465,1012
589099881,5168
589099734,10216
406048768,9446
42445392,10632
4412043541,5192
42451018,3703
42439191,6192
5137978709,5723
4161568888,3670
370896902,4991
42437830,5084
42434215,3454
42434197,2497
42434196,15111
42443296,24777
42449017,22127
42436911,4301
42422258,922
1918039880,6781
42439527,2573
1919595918,3543
5799117240,5073
1919595917,6791
1919595925,7392
42436856,2377
42433286,1838
42430803,12091
5837088104,12215
561042200,1169
561042198,1160
42439563,5715
42427956,1400
42437536,2015
42432679,1703
42448578,1605
42429840,1945
42429838,1341
42434410,1245
42434412,2495
42436192,1747
42436187,2685
42436184,2659
42452310,1942
42428858,766
42432737,1199
42447295,991
42447303,936
12534082095,2403
12534082093,2875
42446733,1536
42437218,1449
42431210,1080
42447317,1022
42446778,874
42437188,813
42428332,11327
42422283,7679
278609934,7619
3884569924,6089
3884569931,6118
42444277,4581
42437749,4610
42437753,274
42437763,304
4487582556,270
42437768,294
1061531685,8880
6173564360,9269
1061531707,9599
1061531527,8277
42428598,6442
42428183,1046
42430050,4231
42439553,4174
5852272391,5478
596776224,378
596776231,356
42446991,5585
42438889,6047
42446987,5323
42446986,5205
42438485,1694
42442291,2292
42436088,2461
42442288,2023
42444353,1512
596776166,377
42430118,3139
42430122,3388
42430126,3914
42430131,2854
42457728,2608
42433264,2647
42449005,1986
42453577,1636
42445258,1521
42458960,1516
42438947,1445
42430477,1449
42434894,1408
42436614,1643
42459041,1183
7076060068,1234
42450460,2123
42445817,2042
42436641,2076
42459180,2210
42434382,2080
42458112,2131
42449413,1306
42435392,1127
42458342,2161
42449833,869
42439488,836
42435222,779
42443818,740
42456162,629
42445185,611
42452330,548
42438707,526
42443426,1296
42421737,2197
42443406,1815
42435522,778
42435234,608
42439497,361
42443088,372
42443085,1242
42450071,1399
42447199,1186
11655721360,5103
42428640,4918
42428634,7510
1061531448,5488
42428610,5922
42428604,6144
42428601,6248
42428595,7547
9915469771,7103
42428579,8969
42421972,10820
42428436,8489
42426747,1046
4015192929,1173
596775930,5092
42430886,19342
42437618,10663
1692433907,10775
42437613,9490
1918039864,14349
1918039904,12372
1918039877,12659
1918039896,10284
1918039876,11171
7480301864,11006
1919595914,7491
1919595911,7107
42439001,4353
42439006,4136
42436935,1524
5550244689,1215
5542680312,1134
1061531787,8409
42432871,1565
42440567,1460
42440566,683
42440565,678
42436716,1144
42428746,2062
1061531496,1761
42443127,6366
42432057,1146
42437109,1186
486868873,2620
3212472843,3245
42429762,4055
486867490,2414
486867459,2353
6744466013,584
42431630,798
42432152,5298
42442273,4032
42456197,6777
596788016,4385
42437423,6037
42447228,7680
42428444,8965
42428179,1550
42436431,9926
42431503,6668
6213204061,6123
42431814,6607
42431812,6777
42431805,6600
1692433918,6413
1692433916,14767
1692433914,6264
1692433911,6248
1918039901,8282
1918039898,6065
42431517,2167
42436968,9403
42445548,9236
42431544,5251
486868830,4590
595105496,2837
6133355290,4301
42450325,1329
42439345,9619
42449582,855
42449580,5990
42449576,4620
42442269,1744
42432156,2619
42429563,3224
42429565,3061
42431002,2602
42431004,4661
42431005,2360
42431007,2243
42453175,1976
1918039897,9159
1918039869,3039
1919595912,3081
1919595923,3781
42427358,3272
42449874,3071
42453365,2547
42442788,2534
42428770,1859
595314103,1907
7004393049,1925
42428760,1507
11803957852,2006
42428742,2194
42428728,2663
42428725,2830
3786876211,134
42454660,1635
42442286,8793
42436567,6113
42424864,6221
42436763,2350
42452026,4444
42433574,2134
42452048,3011
42445489,3005
42427324,2926
42439207,1250
42435470,1862
42432282,2007
42452056,975
42437589,5868
42452067,4779
42451660,2784
42429643,2210
42437996,2246
42437962,2710
42452076,1949
42432103,365
42432102,999
42455051,3170
42443000,4667
42437445,5034
42438971,592
42443061,573
42443058,608
42443056,1347
42449007,1848
1061531447,9020
1061531608,7773
1061531597,7700
1996323622,7221
596776497,1557
42444456,1092
42429348,745
42451766,608
42438306,1118
42438832,347
42456205,5552
596776046,2566
3772840882,1718
42436181,1228
42446622,1362
6289180295,1934
589929417,2019
3785532381,1633
3785532382,1427
42433421,1989
42421965,173
4145794861,190
4145735057,2143
4145735066,2115
42434384,406
42447187,478
589928028,387
589928029,286
589928030,222
589928033,178
589928034,128
589928035,172
589928020,186
589927991,362
42446190,298
7616585434,187
42445585,671
7732243573,593
371337175,438
42456831,460
3099327930,330
3099327948,266
3099327935,221
3099326122,225
3099327965,209
3099326126,85
1773076511,8032
1773076509,4929
1773076778,5613
1773078006,5407
1773082408,5084
42440025,5923
42434148,2035
42449023,1568
4235734223,2231
42443298,8886
42432148,3534
42432142,5997
42432135,3572
42432127,2845
42443054,5405
593854257,3600
42453555,3611
42443570,3395
42453548,3260
42437379,3349
247085867,3305
247081705,3388
12154605956,3271
10858288590,3247
246650510,3077
4899886584,2947
12161224646,2950
246580797,2818
42439416,1188
42451754,1211
42438513,1341
42430796,9656
42430791,10280
42430782,11468
42430770,9600
42430761,10095
8648032268,9165
4143859873,2292
42440829,3622
42448278,695
42435403,79
42440951,6141
42450426,7270
42428441,6810
42428438,8013
673008453,747
42434905,2929
42436610,2881
42446132,2780
42446138,3429
42445843,2667
42436640,2693
42446147,2625
42434377,2426
42446152,2921
42446155,1332
42435388,1203
42439486,1063
42435211,991
42443817,780
42446169,722
42445183,715
42446171,716
42438704,707
42444453,1332
596776654,919
42432540,608
4557517550,1657
42438362,1278
5286408252,1425
42424576,358
589927879,372
42435898,393
42435894,291
42435891,271
42435885,276
42435881,263
42435880,306
42434308,320
42453610,1049
42437349,1047
42455175,1213
42453158,1097
42444833,1294
42434233,1517
42455181,1629
42449029,1865
42430938,2144
8648032265,1288
42431519,3296
42436119,571
3247295579,1148
12534082089,2933
42435359,3543
42431186,1061
889298452,169
42435362,806
1506445821,763
42454758,1801
11659009136,336
4142105822,1922
12417264049,3258
42435763,1390
7620445877,547
42432889,779
42445215,251
42453236,194
7912855687,7518
42422592,7610
42421778,3793
42435360,763
1061531807,4043
11017187935,3555
12154598280,3562
8122411159,7506
42446814,415
42429782,608
42429769,3086
42429766,3100
42429645,1763
42429756,2739
486869282,4073
42437608,6641
42458313,1969
42432305,4174
42435477,2807
42445498,5080
42458267,3597
6867580414,5569
7732571917,5100
6198320765,5207
2541754747,5203
561035346,5193
7732653969,5212
7732653971,5050
561035349,4816
42428434,5910
42428433,6727
42428431,5764
42428428,5887
42428425,5637
5706569905,5272
42428411,5297
42428408,4615
42428402,4445
272195271,4072
2821304136,3473
2821304137,3431
2821304138,6435
272195270,7234
8262936580,6085
42435746,1718
42437211,303
42433163,1815
42433161,1629
1061531500,2770
42431902,2343
8828140387,1571
42449089,1443
42457426,1397
42452610,1577
42457735,1430
1061531847,2100
42428052,1764
60928596,3976
60929894,3976
60928599,3974
60928608,3963
60925991,3887
5048446875,3888
60926009,3876
60925950,3324
42429017,2239
42428094,1929
42428090,601
42428086,1032
42433066,914
42433068,636
42433069,607
42433072,551
42433075,508
42433077,471
42445675,86
42442755,121
42436285,97
42442764,64
42442766,51
42442770,19
42456888,904
42422038,981
42422050,685
42422053,1165
6262915548,2513
42444424,2381
272196096,83
42442255,1968
42457421,1404
42433272,586
42431524,2142
42431528,2505
42431273,1903
42431275,782
42443077,849
42450066,832
42447192,410
596776314,1115
42446721,1909
42446723,1856
42432063,1136
4332491210,2089
370898427,5963
42423549,5962
42423039,4451
42450820,4439
589101921,966
42423295,933
42437786,947
42452117,760
42427742,605
7499263656,599
42445630,612
4375208206,597
11038072433,543
42427335,698
11038072465,667
42433554,490
42433553,316
42433551,394
42431118,3340
42431116,3527
42431113,3757
42431108,4097
42436097,350
42436100,333
42436944,1962
42423752,413
6289180298,609
6289180287,589
42427327,3506
42432165,3063
42432161,3019
42436770,1985
3892037906,8351
42455693,5612
42431671,5588
42430041,3879
42442247,3681
42445520,9104
42439236,9987
42435805,1574
42439861,1269
1061531634,2928
1061531695,2733
1061531803,2147
561035350,4425
561035353,4359
561035354,4222
561035355,4038
561035356,3957
561035357,3178
561035358,3020
42438295,335
42438292,524
42442618,427
42447404,253
42425747,735
6515269079,803
42434135,803
42423189,790
42434134,760
42443116,758
42444458,807
42444457,922
1061531731,1544
42427787,2507
7147636389,2489
42423296,3493
370888100,3477
4158644588,3236
205019740,2016
4147546533,1682
42450048,1401
6181480033,1413
42450052,1309
42438953,1273
42430482,1122
42434898,921
42436624,1273
42450055,783
42450057,2358
7777321715,727
42436647,667
42450061,875
42434385,721
42449422,666
42435396,506
42449840,548
42439490,443
42435231,592
42443821,645
42450080,465
42445196,363
42450083,304
42438774,264
42424032,1965
595245843,2450
42429029,1545
42429032,1201
42429035,1191
42429044,1158
42429058,967
42429072,958
42429083,919
42429094,749
42429100,660
42429104,575
42427780,493
42427782,35
42434098,591
42434097,229
42438246,169
42448611,242
42448607,337
42448605,232
42436734,331
593300940,1803
42450352,1595
247123651,1644
4682935360,1640
4682935365,1576
3533937800,1593
42429630,959
12989986307,286
12848070671,3659
595436395,3773
587934172,3806
12998931041,3779
2512378850,2484
2504882466,2350
42428962,2298
561035373,2151
561035374,1723
561035375,1378
561035376,1195
561035377,1123
561035378,1041
561035379,930
42432082,6178
42437114,5732
42437605,6172
42429752,7824
42429754,4836
486867432,3523
486867405,2537
279151954,1020
6928075146,435
42432083,3448
42437113,2551
42442276,2537
42440754,5251
42436957,2301
3624790934,269
42446584,281
42430942,358
42449038,233
42455412,275
42430030,2840
42430034,4233
42430038,2898
42430044,1745
42421749,2731
42444452,979
42438702,180
42442128,162
42438906,77
42442123,97
3858909357,72
42429552,202
42435207,313
42439485,230
42449828,216
42435387,323
42437201,390
42432352,587
42432395,1035
42456711,1145
42436637,1065
42445840,983
42450456,1175
42456708,669
42436604,641
42434904,630
42429222,774
42429226,523
42453354,202
42436929,171
42430102,2430
42429842,2142
1061531593,1469
42435736,1940
42435743,1688
486868138,274
42446398,2490
42431602,573
42443588,31
42435775,1049
42429741,857
42435785,824
6431058183,1683
42432917,1196
42432926,1270
42438920,458
42438923,425
9971300853,1366
427842070,1519
2141026498,2074
2141026492,1198
2141026504,1131
2141026497,1066
2141026510,983
2141026491,976
2141026538,908
2141026511,824
2141026503,1933
2141026501,829
2141026493,817
2141026524,749
42439078,1406
42432174,2375
42435766,1133
4274141356,1016
3630219668,309
42437074,1182
42437078,1580
42437082,1658
42439813,4405
588455742,1970
12374690312,1893
1773066054,2492
42437564,1803
541467364,1795
5161246307,3474
11496014207,3507
11496014189,3534
42437580,4214
42432085,2604
561035359,2652
561035360,2379
561035361,2457
42434262,1798
12998931038,1093
4207731295,1151
42452130,1143
12998931053,46
42434420,676
42448583,1301
42454795,1189
42428833,889
42428814,943
42428807,1065
42428799,1121
42451332,1414
42434259,1267
42439849,1124
42432894,1320
42432897,1244
42432900,1112
42429735,1026
42432905,1011
42435794,754
42435802,667
42435803,655
4888388399,478
42431482,4865
42436947,1807
42446562,1694
42455007,1646
42430924,2201
42446552,1718
42454997,1569
42430914,2197
42437343,2443
42453604,2203
561035368,281
42442642,246
2504882506,398
4205440429,358
42432974,397
42431643,439
42432970,568
42428953,467
42428790,1264
42428782,1825
42449843,900
42439498,791
42435237,708
42443824,328
42443826,83
10316226053,975
42442107,991
1251958257,796
42429504,504
42429507,593
2824895141,869
42444414,2275
42427300,872
42427305,621
42427307,523
42427311,689
42427316,1445
42427319,1181
42427322,1235
4708064890,1193
42431531,2182
42431536,1893
42451665,2203
13324038870,1291
1061531631,2137
1061531815,1806
42442625,524
42432950,368
42432949,401
42432936,718
42432928,1536
42446775,528
42433165,1636
42431201,1745
3099327974,366
3099326116,1923
3099327964,1328
42426374,1338
595703226,1152
42436724,241
42436726,361
42453251,262
42453253,210
42438236,304
42429532,299
42434110,122
42436001,48
42430009,1900
42455465,168
1061531550,2029
4629486879,537
4142105813,2243
42428529,582
42428524,570
42422270,994
42451465,2815
42423307,3055
370892861,3055
370894980,5236
370897166,5233
370913758,4997
1775201764,425
42455452,473
42446885,418
247123611,2776
42437925,82
42437926,18
1061531736,1312
1061531790,1247
42433275,759
42449076,1485
42448283,212
42439506,136
42435240,83
685164634,228
1506599378,831
42435380,290
3579432160,445
1506445789,495
3579432159,528
561035338,807
42437920,467
42445603,1316
1773063789,1700
1773063787,1645
42447323,728
42447326,656
42447330,372
42429744,298
42445219,288
42440131,82
42440134,101
42440138,102
42429825,662
561035344,619
42436848,455
42436064,774
588546798,1448
588546882,1375
42435761,1388
42437481,52
42435922,109
42433545,703
5796726888,774
42437967,631
42437965,556
42432105,1355
42430108,212
42431508,1397
42431500,621
42439096,1652
42442628,481
42439213,430
42434340,340
42439580,1577
278608420,70
42431467,457
42431461,434
42429536,569
2141026534,716
3099326124,333
42455357,4611
4235734225,6762
5993830853,297
42452598,1335
42433821,621
42445666,662
42457401,2641
42430973,352
42435850,639
42435852,595
42435856,531
42435858,491
42433785,617
42435860,424
42435861,520
42435863,364
42435865,339
42433715,305
42433712,224
1061531637,1512
1061531810,1462
1061531768,1490
1061531682,1409
42435997,592
42438836,552
42442604,469
42435940,415
42442609,390
42442621,362
42442613,1123
42433797,1017
42438247,397
42442596,502
42442592,678
42442589,688
42432983,395
42432980,403
42433173,1333
42431121,812
2141026507,685
2141026540,631
2141026542,585
2141026505,420
60927825,950
595441960,553
60927827,553
60927832,552
60927836,548
60927837,547
60929261,547
42441903,160
42437530,681
12374690314,2370
1773060099,2010
11655721355,1897
1061531839,1982
3270031031,614
3270031030,619
42434429,841
427841052,702
427841071,659
3788364714,1714
42428227,1000
42421731,631
42440335,2634
42440340,2387
42440343,2485
42440345,2653
42429354,1923
42447336,229
42427881,104
42427883,71
42427888,78
42439653,24
42441535,458
595314125,357
42441526,281
42452290,736
246649427,5520
246890579,5362
42445804,358
12989986304,233
42430007,3829
42443799,219
247123612,285
6086355078,84
9140924713,3377
12153915836,3347
2348991703,3322
427842069,192
427840967,294
427840965,299
427841023,278
427841034,224
427842140,227
42440146,242
42433800,904
42431822,1334
589298326,107
42433269,552
42437312,840
42443072,763
42436651,466
42443068,2034
42443181,300
42448440,106
4207806923,119
5799766717,105
42448430,75
42440940,930
561035380,781
561035381,727
42433030,186
42455234,98
42442703,113
2075592658,117
42432223,108
42442710,109
42442717,107
42445481,860
42440847,1711
42436083,1714
42440850,1315
60918736,72
60925795,44
60921162,34
8316781084,29
60921167,29
42423101,143
593816275,3349
1672106385,753
1672106382,784
42451712,1896
42454391,1977
370893397,1827
370893396,1822
42429633,151
13205966915,2047
3430331122,85
42437118,368
1773076513,5160
42432184,5709
42433537,716
42435910,195
42433302,113
4121409402,49
42433324,35
42442586,841
2141026513,669
2141026551,597
2141026515,523
2141026494,441
42423203,207
42422168,41
371225132,69
5676585287,72
5871373017,58
9902723823,56
9902723825,27
5906371179,28
3039386649,28
9153856304,20
277482241,20
5871340510,23
277482094,24
7738506172,30
277481521,14
42449515,13
1934650086,12
740060236,12
731930601,14
3040306430,9
7076060066,606
596775819,545
596776413,588
596775825,319
42424789,189
42430951,103
42444081,71
42432799,518
42440079,478
42457282,429
42445640,393
42455509,343
42453669,257
42431230,240
42458728,212
42429946,200
42454538,148
42453087,159
5159433792,1444
42440873,436
4142105812,697
4142105811,429
42431203,332
42446728,310
42447182,1933
42434386,634
42432302,2679
42432178,2610
42432250,1340
42432246,1293
42432244,969
42432241,869
42432238,864
5812723036,461
42449027,1315
2324482224,1239
42434226,1514
42432073,1558
42434122,490
42446177,466
42446182,364
2799368116,312
42446184,250
42446187,226
42429109,370
42427216,253
9338511505,29
42439858,250
42437111,1028
42432054,1018
42429647,1068
5542680313,415
5550244688,336
42429013,263
42429011,249
42429006,256
42429002,146
42428998,159
42428994,210
42428989,220
42428985,323
2499757469,346
42438819,1467
61272284,878
42441587,1157
42433569,882
42421820,769
42441569,734
42440280,1429
42430848,1673
42457311,1650
42448593,764
42456492,729
42443844,1081
2821304143,869
4143875757,874
9550791861,518
42444069,517
42449639,248
42438199,236
42449641,217
42449644,216
42445680,193
42434255,829
42434251,798
42434249,828
42444360,447
42444355,540
42446632,469
42440686,2088
42436122,493
42429521,219
12952282847,121
12952282854,46
42433080,364
42433097,328
42433107,285
12153915853,3219
11017186436,3355
12153915859,3361
42455013,2013
1538237434,800
1538237248,702
42421751,420
42432764,389
42441910,361
42441913,333
42441926,454
7785782284,388
42437223,362
42441077,389
42442230,1240
3430331121,132
42428072,277
42438867,239
42441668,185
42441670,178
42441654,135
2029349871,158
42434246,271
2141026518,346
42432659,215
42432665,60
42432669,37
42439878,108
42447399,864
4561384853,401
42445474,819
42445189,289
42447206,262
42443819,334
42443092,305
4207962275,331
42443081,302
42443078,431
42438839,61
596776386,314
42432376,409
42436779,1217
685164636,413
42432108,570
3212472963,709
42437990,737
7480346927,478
42437988,756
42429636,830
42451650,911
42453691,744
588455738,342
42434855,264
8904913030,304
42421785,142
42443520,43
42434418,1262
8344404000,567
561035382,582
7132814246,556
42428980,538
2541754688,513
42433041,268
42454622,99
42435198,119
42439783,105
42434989,119
42442722,114
42429452,122
42434101,179
42436093,357
42431877,1177
42431875,1108
42445466,1126
596776656,157
596776659,145
596776578,129
596776613,118
596776594,129
596776624,146
596776442,124
596776474,124
596776534,235
596776546,319
596776325,198
596776349,333
596775808,276
596776201,365
593984752,33
42423051,2404
278608816,1558
587988061,1569
42424408,157
5145531517,2242
5137743341,2042
42440408,263
3917286380,2385
7910052385,2385
61269400,2289
61272997,2129
61273001,2135
42437005,127
42442635,271
42436115,1264
42447389,847
42443659,115
3099326120,1279
42453246,1217
42440682,687
42440679,771
42453700,583
7480301987,828
42436202,257
4149936235,397
2141026520,407
2141026514,304
4158673495,1632
42448469,1300
42459820,1062
42427242,1325
42427744,257
42432000,204
42437773,592
42437770,315
42439371,558
9166213997,579
42428124,485
42458936,683
42430023,403
42427164,476
42427159,315
42427156,282
42449627,25
42446772,110
42432078,1159
42437067,992
42437071,757
561035362,905
561035363,835
561035364,641
42427168,266
42437058,386
42422018,404
3099327945,291
42433573,2031
42433539,614
42433542,774
42433543,510
42457821,853
7480301986,1121
42440785,1059
42445617,1168
42452084,1841
42432099,746
486867513,1930
278609863,1918
278608718,1916
42434338,79
42438908,124
3099326119,189
42445637,44
6262915547,198
42440282,480
42451593,574
42447428,630
5804835269,615
11038072541,498
42452107,123
561035365,543
42431156,858
42437354,297
42455396,282
42453160,166
42444835,291
42442638,220
42442645,264
42438024,268
42433339,127
42442656,200
42442659,459
42438257,133
42442664,271
42442671,276
42433014,230
42442684,132
42439724,21
42421865,205
42454089,143
42445606,439
42435456,812
42445612,461
42439581,587
42439583,355
42440820,1425
42445291,175
587934268,176
1632878962,65
11543660372,57
42436739,135
42434105,731
42424679,672
60927823,407
60927822,408
60927819,407
60927817,390
42437324,383
595352889,368
2499827795,374
42429431,732
42429641,615
370927297,124
42437410,264
8262936586,523
588545728,518
587933945,199
42441695,120
42441701,90
42441704,30
42439673,378
42434935,135
12994121393,125
12994121391,36
12994121397,30
42444028,22
42433330,549
595729841,348
42429212,321
42429211,288
42429184,125
1764647101,103
1763749977,102
42427844,106
42429174,95
42432171,1519
2141026521,139
2141026495,127
2141026548,65
2141026509,51
42434306,66
5706569898,1770
42445484,1075
4149936245,118
42436178,107
42451773,154
42432572,132
42434237,227
2974462027,220
1764424345,566
42445644,305
9563435886,293
42451736,296
42435415,301
42455493,306
42446797,210
1764626357,205
42440494,225
42431257,218
42446609,148
42455705,147
42427877,97
42445773,102
42449593,104
42439432,84
42429960,76
42454553,73
42446231,67
42429704,182
42429255,142
42427507,141
1544809889,135
1544809882,133
42427926,134
42429287,92
1544782730,86
5871416389,86
42435567,79
42431724,77
42445578,61
42438935,25
42437834,18
42456206,366
42436644,314
42445823,322
42446506,108
42429530,508
42438235,440
42448141,248
42445171,71
42436073,338
4878831008,1203
9121386334,345
42427278,347
561035366,349
42443582,76
2499757467,135
42428978,168
42433062,220
42433115,208
42455337,45
42432795,456
42427859,487
42427863,146
589927965,23
42432181,1144
3099327940,208
3099327931,198
42425242,437
42424701,443
42424703,860
764744759,862
42424706,860
254484327,1086
42440104,117
7732243546,123
42437196,114
42440112,95
42440122,82
595314028,481
42438052,441
42457940,402
42440284,309
42440287,525
42427152,250
9121386338,672
12554607194,846
2821304146,831
2821304145,846
1272562931,1090
42427236,565
42452708,202
3350498747,215
42452620,115
42457292,96
3931519753,191
42438084,180
42449631,91
42431234,63
42436812,69
42436807,34
42446331,23
10282960425,122
42439601,301
42432071,1233
42432075,1157
3670609093,884
1764400302,262
42432785,305
1764400286,342
42432789,294
42432111,195
42440347,676
595254571,169
12952282858,90
42440125,66
42429747,52
42447255,210
2572245396,408
42435451,760
42435435,335
7132405535,361
607911351,20
42433278,117
42454240,144
42442384,81
1332860731,149
42439864,128
42439860,203
42438913,215
42439855,208
4163940359,193
42439852,242
42439851,273
42434117,195
42427873,78
42435916,137
7480410410,229
42429644,129
42429646,226
42449634,199
42427086,509
42427112,335
4562863353,125
42429812,251
42429811,176
42429809,166
4300940094,145
42427345,360
42429806,274
5173594703,203
42458943,19
42436296,150
42441889,238
42429557,180
42448979,189
587934044,87
42435876,367
1764400297,87
42452485,69
42431177,111
42448930,83
42443522,72
2141002590,58
42439929,62
42439927,74
42437204,269
42431200,72
3099326117,127
1544782721,24
1544809872,20
1544809885,54
1544809886,145
42429244,152
42429242,162
42429236,176
42429231,205
42429228,253
5071822871,267
3099327944,282
42436003,374
42434111,378
42438240,401
42453773,122
42439489,267
42434131,320
42450089,73
42428967,161
42428966,136
42432990,355
42432992,411
42432994,202
42432999,212
42433011,88
42433020,151
42433024,231
42433027,118
2499803004,40
42428973,165
42427133,455
42446203,458
42444837,157
589928003,95
42424630,25
42431193,302
5004570630,278
5004570631,208
5004570632,174
5004570653,130
589928037,146
371337145,68
42447210,65
42424757,61
42447209,96
42447208,69
42434129,310
42427150,141
42439905,53
42438281,172
42439899,88
42433781,206
42439897,110
42435967,107
42439894,117
42439891,100
486867534,569
486867548,431
7612925053,297
7476387556,287
42435534,314
42427340,509
42435538,258
42435541,162
42435544,164
42435550,220
42429353,475
42427249,477
42438218,61
42435869,454
42435873,389
1807940789,28
42453008,228
1762221470,121
42427769,85
42427768,20
42448655,60
5763775589,601
9515699765,564
42439613,42
42448483,904
3579426874,54
42440792,352
42427523,35
42441774,26
42427115,284
42427122,226
42427126,178
42437944,38
42440804,249
42427538,57
42443666,222
42454300,51
42427146,301
42435002,131
42449801,86
42447419,43
13319858602,6
42421828,149
42433789,248
42433779,95
42441080,87
7732571885,50
12952282872,132
42441956,20
42441955,19
42434264,18
42441953,17
42441952,35
6979088367,24
7491182059,16
7491182055,27
7491225319,24
7620631148,147
595320307,50
42441191,40
2383895311,291
10128931543,305
42425348,196
42440810,588
6572026580,44
7541804760,199
7732243576,179
589928047,174
373850916,223
5403873760,260
9550791858,259
42436017,292
7620540917,83
42441104,44
1332860726,71
5174867983,23
42452147,112
42438160,44
60929278,31
2141026536,332
2141026502,194
2141026496,171
3099327970,132
3099327975,170
3099327972,223
3099326118,173
3099327968,164
3099327957,167
3099327962,185
3099327976,123
3579426871,75
595314036,70
42438228,390
42429541,396
42436930,100
42429707,30
42453757,197
42443524,32
42447196,371
9019680390,58
11252642361,53
42429474,64
42435990,92
42435988,66
42452936,37
42424641,43
42447179,332
42435230,211
42424117,385
42424133,842
42427009,839
274342024,100
274342021,98
42430945,93
42438772,213
42447207,230
42447201,253
42435395,207
42441951,47
42427128,135
42431180,124
42427852,122
42433218,185
12299314854,80
42438476,83
12299314857,129
278609760,132
42444108,129
1538237325,146
42437135,155
588455857,147
42444116,143
42452556,52
42427867,115
42446604,101
3931524261,45
42443118,89
42426135,123
3786728788,122
5706568658,304
595314120,459
42433256,264
3099326128,223
42434372,64
42434370,35
1202018697,8
42436021,175
42433550,470
42435925,265
42435928,253
42432805,45
42432802,35
42444267,134
42450290,30
592484776,117
42436297,97
42429829,162
42452700,314
5048446874,238
42428114,228
60926616,229
42436832,107
42436949,48
42423579,31
42439225,52
42428130,262
595729852,212
42428134,116
42428144,59
42445620,206
427840984,120
427841011,51
593988920,42
3099327950,230
589928038,70
42431242,136
42427870,126
42431252,90
42428080,216
42427016,170
42442734,160
42444060,15
42457209,86
42433138,54
42433151,47
42453586,29
42452495,119
5378284711,188
42438471,167
12299314860,146
42433243,136
371216381,30
42433513,61
42439711,66
561035371,269
42431868,159
42434969,205
42440381,82
42443099,174
1775260897,288
4477147270,255
4477147269,242
42440798,249
42435920,158
496707000,154
589928039,100
42448674,73
561035367,285
370888101,244
42434832,230
42436971,226
42438531,475
588455697,158
42440449,175
42436806,119
42442723,111
42438288,246
42438275,135
42421783,135
10853807645,19
42438018,56
6166413694,40
42427254,71
42432095,95
42449654,142
371239962,190
7641820943,258
371225088,487
3786728557,511
42433431,508
42429814,83
42433237,68
42444129,115
42444123,113
205025778,16
4158749895,13
761293063,136
42436293,165
42449653,151
3551756586,11
9906966855,56
42449656,75
595480989,86
42428103,43
42428082,100
42437923,69
42454102,16
42438291,156
3631837585,164
42433385,163
42443105,162
42443096,168
42441947,58
1701844605,295
561035372,256
588455698,272
42438153,122
9490559521,119
42422086,41
42440056,119
4145424858,108
42441907,67
1764400288,64
1764400304,77
42445634,73
1763748995,27
42455259,29
589928041,172
42441895,116
1829177258,65
42444097,115
42435931,204
42429705,38
42438271,107
42424235,160
589927993,164
42425425,164
42425484,293
373760396,294
561035369,213
42443658,83
42444854,41
42441276,22
42441382,179
595314119,185
595314114,107
7732551670,10
42441251,7
4207863943,118
42440385,127
42426968,103
589928040,110
589928042,164
9935939400,80
587934318,118
587934311,115
9566822912,114
587934436,284
254342293,284
42442738,147
42442741,123
42428964,174
42428965,163
8344404001,141
42428975,149
42428970,122
60925101,88
60925555,118
42444581,117
42425417,149
42426971,148
6516908811,227
373756705,303
373755525,303
42426799,303
60928839,106
595441949,136
60926905,131
8266778883,127
60928402,172
7907957252,172
2499803009,94
42433017,90
42433035,73
42455238,46
42432220,13
42432218,3
42439730,6
7500756892,252
42427346,225
7476469426,29
1763787328,68
374475605,58
60917021,58
2093008357,27
6882378422,10
42427773,12
588455700,228
588455701,393
11038072104,372
42438529,276
60918586,95
60925316,94
60925716,93
60918686,86
60926787,83
595448603,91
42453709,14
42432226,17
42427735,61
42445672,9
42443928,127
42440376,69
3099327951,104
3099327961,105
42421786,32
42436563,65
8310246627,27
482807376,17
42435923,52
11038072103,112
42437505,83
42437503,105
4487582555,68
12363017361,52
6331080435,68
42440472,78
42439599,58
42427519,161
42433205,49
593886253,101
42453156,59
42440069,47
42438186,102
42442745,69
42450275,31
42440059,98
42439228,73
42434314,66
42440065,43
247120348,76
42427531,61
1701844664,16
42431729,13
427841073,48
61272887,49
247124101,51
42435553,36
42435556,36
42427337,232
42427352,235
12952282878,96
12952282885,77
11193743239,68
42441771,31
427850819,21
42438255,53
42439718,33
42429479,89
12029862494,19
42434992,23
42454368,5
42439598,65
42435981,67
42441950,88
42421791,7
6185447546,53
42445635,40
3269867944,61
42438189,33
42426665,20
3574648567,18
13064844941,22
42453638,20
42446919,44
42449163,39
42449166,23
42439721,8
42443574,77
42440916,118
42439620,38
3786728678,188
42441949,137
1775176474,26
42439924,61
42439922,57
42440053,21
3099327966,194
3099327937,129
3099326121,117
42435993,24
42429708,44
42429709,14
761293064,99
13105137064,51
13105137065,52
42441805,30
4143765783,30
42447418,17
42453714,16
12952282814,29
42439590,53
42440075,19
42425780,6
11942111840,25
42449804,57
42441899,64
42422110,28
6159356505,30
6159356499,51
277482762,51
3786728763,22
42423170,19
3786728679,149
42443486,30
42453216,62
5079840929,54
42453241,89
7132405547,122
371218803,12
42439514,9
42446337,14
42454611,19
588455858,15
42438034,61
42445689,24
42427649,10
3785586748,6
589298105,22
42442697,101
42439065,8
42432722,8
42445046,8
42447346,88
42452994,34
595352906,27
42443488,9
42428107,17
42433212,44
42435943,139
42440052,38
42426805,36
42427939,31
42427936,10
42436301,58
1763608189,31
2481877063,28
9153702893,23
3702296508,18
42443119,43
11939017652,22
761293090,41
3785522931,7
42432094,22
42436974,27
42432002,25
42434833,13
42427750,15
42436288,22
589927996,46
42453591,46
42439910,67
42432097,15
42427855,57
6813350876,45
42455245,38
12152197667,5
589927943,13
371337226,12
2141026522,24
12952282867,25
2075596386,14
302097273,16
6885524030,54
42433811,12
748726602,8
427804205,15
42427849,44
42446424,21
42432091,22
12994121400,12
7552138519,28
42425100,24
42429819,20
5482291262,38
42452276,31
5004570644,18
42439728,10
587934073,15
302095403,1
42454893,1
42434780,1
42434722,1
42431666,2
4515465265,2
42425959,2
4814440062,19
1764400300,19
587861515,24
4215780090,13
9550791857,12
6868145381,10
42426060,42
3570003194,10
2567558915,2
42432875,5
42449127,20
42455335,24
5163687759,4
765357028,1
42440577,20
373778409,12
595245883,12
42423514,4
5145330172,3
42437319,66
42442702,40
42429457,31
42441310,24
5004570627,22
5004570651,12
42437921,33
42451932,13
596800103,7
7320943370,4
42440072,19
1544809891,20
42433231,37
589100791,1
42437326,7
42433346,11
761329683,25
587934263,15
42445700,37
42422449,29
10128931544,12
6885524021,36
42437316,12
42432882,19
593886226,14
3931534871,9
3931534870,8
3931524258,12
4506716195,13
6979088365,31
427841050,19
42423847,13
9150629570,19
5378686574,28
42437942,12
60926791,39
5333189428,70
5333189423,33
5333189421,36
1764647103,17
9563769790,6
371206271,15
42459636,12
277482339,27
277482105,11
3843180751,6
2054405674,5
595314040,15
1506445822,22
1506445797,27
42441263,23
42441283,10
42441299,8
42432228,34
42446218,128
42443492,14
42449139,9
42437835,4
42439164,4
3931524260,25
7925143983,9
6166413696,5
2141026516,8
42423832,8
42426810,15
42436283,6
42433377,8
60918583,8
1331391393,8
427850840,20
42437819,9
42444282,6
42459579,1
731931110,3
9156860497,3
589927880,10
587934139,7
595352907,5
5333189422,19
42443990,5
42427846,20
3630249566,1
42435412,3
42427934,2
371037237,14
2140997997,4
371197453,2
42456979,6
595245889,3
587933855,3
13189290543,1
5145323793,9
3786741452,15
42454120,7
42439216,2
1242159743,5
588455736,2
588785633,2
42445054,1
371206274,7
9338511504,1
42440476,1
60928137,13
5333189424,9
595352897,11
587934079,11
42438090,1
42431260,1
42443621,6
7734633950,1
2298803502,3
2298803501,1
2298803479,1
2298803426,1
3037153849,1
42448406,17
3039386415,6
3607948339,5
2054405689,5
7937558690,5
7734748123,5
278642478,1
2054405680,3
42439362,1
8261122509,1
7734748115,4
3549074022,1
246909446,3
3574612293,5
277482205,11
9153831810,16
277482212,9
1242159811,10
277482068,1
277482067,1
279152444,1
42434343,2
486819535,4
486819531,2
497412701,4
588938271,3
588938282,1
983501181,4
7476968854,4
60915682,1
42427504,1
42444884,1
42429703,1
42444880,1
1989931095,2
9153856274,3
2298803428,2
2298803471,2
2567558468,5
277482087,1
3640160572,1
731931141,1
3834923371,28
4158760599,8
4158753824,1
4487582557,1
42424258,3
42424334,1
42424354,1
4158740807,1
5843576975,1
5871416392,1
6166333235,20
6166333236,2
6166333258,9
8677891126,5
6216836461,1
6331080434,11
7890202648,2
13327706975,2
9094916641,1
9915469769,3
11942111842,2
42453792,1
